"","Apis mellifera","Diptera sp7 M_PL_098","Forcipomyia sp1 M_PL_098","Hemipyrellia germana","Hemipyrellia sp1 M_PL_098","Lasioglossum mahense","Lygistorrhina sp1 M_PL_098","Melanostoma annulipes","Neophyllomyza approximatonervis","Ornidia obesa","Phelsuma sp1 M_PL_098","Rhiparida seychellensis","Unidentified sp1 M_PL_098","Unidentified sp2 M_PL_098","Unidentified sp3 M_PL_098","Unidentified sp4 M_PL_098","Unidentified sp5 M_PL_098","Unidentified sp6 M_PL_098"
"Canthium bibracteatum",42,0,0,7,1,26,0,0,0,5,0,0,0,0,0,0,0,0
"Dillenia ferruginea",17,0,0,2,0,14,0,0,0,0,0,3,0,0,0,0,0,0
"Excoecaria benthiamiana",3,1,0,1,0,0,0,0,0,0,0,0,0,0,0,0,0,0
"Nephrosperma vanhoutteanum",24,0,0,3,0,30,0,3,4,0,2,2,4,0,0,0,0,0
"Roscheria melanochaetes",0,5,3,0,0,1,0,0,3,0,0,0,0,1,2,1,1,1
"Soulamea terminaloides",0,0,0,2,0,0,2,0,0,0,0,0,0,1,0,0,0,1
