"","Apis mellifera","Ceratina tabescens","Cratopus aurostriatus","Diptera sp1 M_PL_099","Forcipomyia sp1 M_PL_099","Hemipyrellia germana","Lasioglossum mahense","Lygistorrhina sp1 M_PL_099","Mabuya sechellensis","Melanostoma annulipes","Nectarinia dussumieri","Neophyllomyza approximatonervis","Pachycerina seychellensis","Phelsuma sp1 M_PL_099","Rhiparida seychellensis","Tricimba seychellensis","Unidentified sp2 M_PL_099","Unidentified sp3 M_PL_099","Unidentified sp4 M_PL_099"
"Colea seychellarum",1,0,0,0,0,0,0,0,0,0,0,0,0,1,0,0,0,0,0
"Erythroxylum sechellarum",0,0,0,1,0,0,11,1,0,0,0,0,0,0,0,0,0,0,0
"Memecylon eleagni",0,0,0,1,0,0,5,0,0,0,0,0,0,0,0,0,0,0,0
"Nephrosperma vanhoutteanum",11,0,3,0,0,3,59,0,0,0,0,0,0,2,7,1,6,0,2
"Northea hornei",9,0,0,0,0,0,1,0,2,0,3,3,0,5,0,0,0,0,0
"Paragenipa wrightii",0,0,0,3,0,0,12,0,0,0,1,0,0,1,0,0,0,0,0
"Phoenicophorium borsigianum",1,0,3,0,1,3,26,0,0,4,0,2,2,0,1,1,0,3,3
"Pittosporum senacia",1,1,0,0,0,0,9,0,0,0,0,0,0,0,0,0,0,0,0
