"","Apis mellifera","Chalcidoma disjunctum","Coleoptera sp4 M_PL_085","Coleoptera sp5 M_PL_085","Diptera sp1 M_PL_085","Diptera sp3 M_PL_085","Eristalinus vicarians","Geron seychellarum","Hemipyrellia germana","Lasioglossum mahense","Lygistorrhina sp1 M_PL_085","Nectarinia dussumieri","Parasarcophaga hirticeps","Phelsuma sp1 M_PL_085","Rhiparida seychellensis","Simosyrphus aegyptius","Unidentified sp2 M_PL_085"
"Erythroxylum sechellarum",10,0,0,0,0,0,0,0,0,3,0,0,0,0,0,0,0
"Medusagyne oppositifolia",12,0,0,0,5,0,0,0,0,0,0,0,2,0,0,0,0
"Memecylon eleagni",5,0,0,0,0,0,0,0,0,0,0,0,0,0,0,1,0
"Mimusops sechellarum",9,0,0,1,1,0,0,0,0,3,0,2,0,1,0,0,0
"Nephrosperma vanhoutteanum",15,1,1,0,6,1,6,2,1,2,20,0,6,1,5,0,13
