"","Apis mellifera","Cratopus aurostriatus","Diptera sp2 M_PL_100","Diptera sp3 M_PL_100","Eristalinus vicarians","Hymenoptera sp1 M_PL_100","Lasioglossum mahense","Lygistorrhina sp1 M_PL_100","Nectarinia dussumieri","Parasarcophaga hirticeps","Phelsuma sp1 M_PL_100","Rhiparida seychellensis","Scaptodrosophila sp1 M_PL_100"
"Campnosperma seychellarum",0,0,0,0,0,6,0,0,0,0,0,2,0
"Cinnamomum verum",0,0,0,0,0,0,1,0,0,0,0,0,0
"Colea seychellarum",0,0,0,0,0,0,0,0,2,0,0,0,0
"Craterispermum microdon",3,0,0,0,0,0,0,0,0,0,0,0,3
"Dillenia ferruginea",7,1,0,0,0,0,6,0,0,0,2,0,0
"Erythroxylum sechellarum",3,0,1,1,0,0,11,0,0,0,0,0,0
"Excoecaria benthiamiana",0,0,0,0,0,0,0,3,0,0,0,0,0
"Memecylon eleagni",0,0,0,0,0,0,3,0,0,0,0,0,0
"Soulamea terminaloides",0,0,0,0,2,0,0,2,0,2,0,0,0
