"","Apis mellifera","Ceratina tabescens","Chalcidoma disjunctum","Cratopus aurostriatus","Diptera sp1 M_PL_091","Geron seychellarum","Hemipyrellia germana","Lasioglossum mahense","Lygistorrhina sp1 M_PL_091","Megachile seychellensis","Melanostoma annulipes","Neophyllomyza approximatonervis","Phelsuma sp1 M_PL_091","Polistes olivaceus","Rhiparida seychellensis","Tricimba seychellensis","Unidentified sp2 M_PL_091","Unidentified sp3 M_PL_091","Unidentified sp4 M_PL_091"
"Canthium bibracteatum",1,4,0,0,0,0,0,0,0,11,0,0,0,0,0,0,0,0,0
"Erythroxylum sechellarum",17,0,0,0,1,0,0,11,1,0,0,0,0,0,0,2,0,0,0
"Memecylon eleagni",9,0,8,0,0,0,0,2,0,0,0,0,0,0,0,0,0,0,0
"Nephrosperma vanhoutteanum",27,0,0,0,0,1,3,16,0,1,1,1,1,0,1,0,1,0,2
"Paragenipa wrightii",4,0,0,0,1,0,0,6,0,0,0,0,0,0,0,0,0,0,0
"Phoenicophorium borsigianum",6,0,0,6,0,0,2,9,0,0,0,3,3,2,1,1,0,8,0
