"","Apis mellifera","Ceratina tabescens","Diptera sp1 M_PL_090","Diptera sp4 M_PL_090","Eagris sabadius","Euodynerus cylindricus","Hemipyrellia germana","Lasioglossum mahense","Megachile seychellensis","Melanostoma annulipes","Nectarinia dussumieri","Neophyllomyza approximatonervis","Ornidia obesa","Pachycerina seychellensis","Phelsuma sp1 M_PL_090","Polistes olivaceus","Rhiparida seychellensis","Rhynchium brunneum","Scaptodrosophila sp1 M_PL_090","Tricimba seychellensis","Unidentified sp2 M_PL_090","Unidentified sp3 M_PL_090","Unidentified sp5 M_PL_090"
"Alstonia macrophylla",2,0,0,0,1,3,0,0,0,1,0,2,1,0,0,1,0,2,0,0,0,0,2
"Canthium bibracteatum",44,0,0,0,0,0,3,4,11,0,0,3,0,0,0,1,0,0,1,0,0,0,1
"Deckenia nobilis",27,0,0,0,0,0,9,9,0,1,0,0,5,0,3,0,0,0,0,0,0,0,0
"Medusagyne oppositifolia",25,0,0,0,0,0,0,1,0,0,0,0,2,0,0,0,0,0,0,0,1,1,0
"Nephrosperma vanhoutteanum",27,4,1,0,0,0,4,23,3,4,0,0,2,0,1,1,4,0,0,1,3,0,0
"Paragenipa wrightii",30,0,1,1,0,0,0,16,1,0,0,2,0,1,1,1,0,0,0,0,0,0,0
"Phoenicophorium borsigianum",22,0,0,0,0,0,2,15,1,0,0,4,5,0,2,1,0,0,0,0,0,0,0
"Psychotria pervillei",15,0,0,0,0,0,0,3,1,0,0,0,0,0,0,0,0,0,0,0,0,0,0
"Syzygium wrightii",0,0,0,0,0,0,0,0,0,0,3,0,0,0,0,0,0,0,0,0,0,0,0
