"","Apis mellifera","Diptera sp1 M_PL_118","Hemipyrellia sp1 M_PL_118","Lampides boeticus ","Lasioglossum mahense","Leptotes pirithous","Lygistorrhina sp1 M_PL_118","Megachile seychellensis","Nectarinia dussumieri","Neophyllomyza approximatonervis","Ornidia obesa","Phelsuma sp1 M_PL_118","Unidentified sp2 M_PL_118"
"Chrysobalanus icaco",3,0,0,0,0,2,0,0,4,0,0,0,0
"Cinnamomum verum",22,0,1,0,1,0,0,1,0,0,2,0,0
"Erythroxylum sechellarum",0,0,0,0,3,0,0,0,0,0,0,0,0
"Memecylon eleagni",10,0,0,0,0,0,0,0,0,0,0,0,0
"Mimusops sechellarum",0,0,0,0,0,0,0,0,0,0,0,1,0
"Nepenthes pervillei",1,0,2,0,0,0,0,0,0,0,0,0,0
"Nephrosperma vanhoutteanum",5,4,0,0,0,0,5,0,0,9,0,0,0
"Roscheria melanochaetes",0,0,0,0,0,0,0,0,0,0,0,0,5
"Timonius sechellensis",0,0,0,1,0,0,0,0,0,0,0,0,0
