"","Apis mellifera","Chalcidoma disjunctum","Diptera sp2 M_PL_112","Eagris sabadius","Eristalinus vicarians","Hemipyrellia germana","Hemipyrellia sp1 M_PL_112","Lasioglossum mahense","Lygistorrhina sp1 M_PL_112","Megachile seychellensis","Neophyllomyza approximatonervis","Ornidia obesa","Phelsuma sp1 M_PL_112","Rhiparida seychellensis","Rhynchium brunneum","Simosyrphus aegyptius","Unidentified sp1 M_PL_112","Xylocopa caffra"
"Alstonia macrophylla",0,0,0,0,0,0,0,0,0,0,0,1,0,0,0,0,0,0
"Deckenia nobilis",16,0,0,0,0,4,0,9,0,0,1,5,6,0,0,0,0,0
"Erythroxylum sechellarum",2,0,2,0,0,0,0,15,2,0,0,0,0,0,0,0,0,0
"Memecylon eleagni",10,2,0,0,0,0,0,2,0,0,0,0,0,0,0,0,0,0
"Nephrosperma vanhoutteanum",19,0,0,0,0,2,0,23,10,4,5,7,1,0,0,0,22,0
"Ochna kirkii",0,0,0,0,0,0,0,1,0,0,0,0,0,0,0,1,0,12
"Premna serratifolia",1,0,0,1,1,0,4,14,0,9,0,0,0,1,19,0,0,0
"Psidium cattleianum",21,0,0,0,0,5,0,2,0,0,0,10,0,0,0,0,0,5
