"","Apis mellifera","Chalcidoma disjunctum","Cratopus aurostriatus","Dichaetomyia fasciculifera","Diptera sp2 M_PL_123","Eagris sabadius","Eristalinus vicarians","Hemipyrellia germana","Hemipyrellia sp1 M_PL_123","Lampides boeticus ","Lasioglossum mahense","Mabuya sechellensis","Megachile seychellensis","Nectarinia dussumieri","Neophyllomyza approximatonervis","Ornidia obesa","Phelsuma sp1 M_PL_123","Polistes olivaceus","Rhiparida seychellensis","Rhynchium brunneum","Scaptodrosophila sp1 M_PL_123","Tricimba seychellensis","Unidentified sp1 M_PL_123","Unidentified sp3 M_PL_123","Unidentified sp4 M_PL_123","Unidentified sp5 M_PL_123"
"Chrysobalanus icaco",60,0,0,0,0,1,0,6,0,0,1,0,0,3,0,2,0,2,0,3,0,0,0,0,0,0
"Dillenia ferruginea",18,0,0,0,0,0,0,0,0,0,11,0,0,2,0,2,0,0,1,0,0,0,0,0,0,0
"Erythroxylum sechellarum",15,1,0,0,2,0,0,0,0,0,18,0,0,0,0,0,0,0,0,0,0,0,1,0,0,0
"Ixora pudica",0,0,0,0,0,0,0,0,0,0,0,0,0,0,0,0,0,0,0,0,1,0,0,0,0,0
"Nephrosperma vanhoutteanum",22,0,3,1,0,0,0,0,1,0,27,0,4,0,4,0,2,0,4,0,0,2,0,21,0,2
"Northea hornei",7,0,0,0,0,0,0,1,0,0,0,0,0,10,2,0,5,0,0,0,0,0,0,0,0,0
"Paragenipa wrightii",14,0,0,0,0,0,0,0,0,0,15,0,0,2,0,0,1,0,0,0,0,0,0,0,0,0
"Phoenicophorium borsigianum",2,0,1,0,0,0,0,0,0,0,5,0,0,0,0,0,1,0,5,0,0,0,0,0,1,1
"Pittosporum senacia",49,0,0,0,2,0,1,5,0,1,6,1,5,1,0,9,0,0,1,0,0,0,0,0,0,0
