"","Apis mellifera","Cratopus aurostriatus","Dichaetomyia fasciculifera","Diptera sp3 M_PL_122","Eristalinus vicarians","Eristalodes seychellarum","Hemipyrellia germana","Lasioglossum mahense","Megachile seychellensis","Nectarinia dussumieri","Neophyllomyza approximatonervis","Ornidia obesa","Pachycerina seychellensis","Phelsuma sp1 M_PL_122","Physiphoa azurea ","Plagiostenopterina cyanosoma","Polistes olivaceus","Rhiparida seychellensis","Scaptodrosophila sp1 M_PL_122","Simosyrphus aegyptius","Unidentified sp1 M_PL_122","Unidentified sp2 M_PL_122","Xylocopa caffra"
"Chrysobalanus icaco",38,1,0,0,0,0,0,0,0,1,0,0,0,0,0,0,0,0,0,0,0,0,0
"Cinnamomum verum",12,0,0,0,0,0,2,6,0,0,0,0,0,0,1,0,1,0,0,0,0,0,0
"Dillenia ferruginea",11,3,0,0,1,1,1,2,0,0,0,0,0,0,0,0,0,2,0,0,0,0,0
"Nepenthes pervillei",0,0,4,0,0,0,3,0,0,0,2,10,0,0,0,0,0,0,0,2,0,0,0
"Nephrosperma vanhoutteanum",21,1,0,0,0,0,1,20,2,0,7,1,0,2,0,1,0,3,1,0,11,0,0
"Paragenipa wrightii",12,0,0,3,0,0,0,20,0,0,0,0,2,1,0,0,0,0,0,0,0,1,0
"Phoenicophorium borsigianum",1,1,0,0,0,0,7,14,0,0,0,0,0,1,0,1,0,0,5,0,0,0,1
