"","Achaea finita","Acopsis viridicans","Aganais borbonica","Agrostis atritegulator","Ahasverus advena ","Allograpta nasuta","Apis mellifera","Brachymyrmex sp2 M_PL_065","Campopleginae sp1 M_PL_065","Cephonodes trochilus","Cerambycidae sp1 M_PL_065","Chaetocnema sp2 M_PL_065","Chrysomya megacephala ","Drosophila sp2 M_PL_065","Eilema squalida","Eristalinus flaveolus","Foudia madagascariense","Gelechioidea sp1 M_PL_065","Hippotion eson","Ischiodon aegyptius ","Limonia sp1 M_PL_065","Lygaeidae sp2 M_PL_065","Lygistorrhina sp2 M_PL_065","Melanostoma bituberculatum ","Mordellidae sp1 M_PL_065","Mordellidae sp2 M_PL_065","Nacoleia sp3 M_PL_065","Nacoleia sp4 M_PL_065","Ornidia obesa","Pachycerina crinicornis ","Panara naso","Paragus borbonicus","Peribaea sp1 M_PL_065","Pheidole megacephala","Phelsuma cepediana","Polistes hebraeus","Psilopa iceryae ","Pycnonotus jocosus","Scopariinae sp1 M_PL_065","Spodoptera littoralis","Stomorhina lunata","Tarundia servillei","Technomyrmex albipes ","Trichoplusia indicator ","Zosterops mauritianus"
"Agauria salicifolia",0,0,0,0,0,0,0,0,0,0,0,0,0,0,0,0,0,0,0,0,0,0,0,0,0,0,8,3,0,0,0,0,0,0,0,0,0,0,0,0,0,0,0,0,0
"Antirhea borbonica",0,0,0,0,0,0,0,0,0,0,0,0,0,0,0,0,0,0,0,0,0,0,0,0,0,0,21,0,0,0,0,0,0,0,0,0,0,0,0,0,0,0,0,0,0
"Aphloia theiformis",0,0,0,0,0,0,2,1,0,0,0,0,0,0,0,0,0,0,0,0,0,0,0,0,0,0,0,0,0,0,0,0,0,0,0,0,0,0,0,0,0,0,9,0,0
"Badula platiphylla",0,0,0,0,0,0,0,15,0,0,0,0,0,0,0,0,0,0,0,0,0,0,0,0,4,1,0,0,0,0,0,0,0,0,0,0,0,0,0,0,6,0,0,0,0
"Bertiera zaluzania ",0,0,0,0,0,0,3,0,0,0,0,0,0,0,0,0,0,0,0,0,0,0,0,0,0,0,0,0,0,0,0,0,0,0,1,0,0,0,0,0,0,0,5,0,0
"Coffea macrocarpa",0,0,0,0,0,0,1,0,0,0,0,0,0,0,2,0,0,1,0,0,0,0,0,0,0,0,34,0,0,1,0,0,0,0,0,0,1,0,0,0,0,0,1,0,0
"Coffea mauritiana",0,0,0,0,0,2,8,0,0,0,0,0,0,0,0,0,0,0,0,0,1,0,0,0,0,0,6,3,0,0,0,0,0,0,0,0,0,0,0,0,0,0,6,0,0
"Cordemoya integrifolia",0,0,0,0,0,0,0,0,0,0,0,0,0,0,0,0,0,0,0,0,0,0,0,0,0,0,0,0,0,0,0,0,0,0,0,0,0,0,0,0,0,0,2,0,0
"Erythrospermum monticolum",0,0,0,0,0,0,0,0,0,0,0,0,0,0,0,0,0,0,0,0,0,0,0,0,0,0,0,0,0,0,1,0,0,0,0,0,0,0,0,0,0,0,0,0,0
"Euodia chapelieri",0,0,0,0,0,0,0,0,0,0,0,0,0,0,0,0,0,1,0,0,0,0,0,0,0,0,0,0,0,1,0,0,0,0,0,0,0,0,0,0,0,0,0,0,0
"Faujasiopsis flexuosa",0,0,0,0,0,0,0,0,0,0,0,0,0,0,0,0,0,0,0,0,0,1,0,0,0,0,0,0,0,0,0,0,0,0,0,0,1,0,0,0,1,0,0,0,0
"Flagellaria indica",0,0,0,0,0,0,0,0,1,0,0,0,0,0,0,0,0,0,0,0,0,0,0,0,0,0,0,0,0,0,0,0,0,0,0,0,0,0,0,0,0,0,0,0,0
"Gaertnera rotundifolia",0,0,0,0,2,1,0,0,0,0,0,0,0,2,0,0,0,0,0,0,0,0,0,0,0,0,3,0,1,0,0,0,0,0,0,0,0,0,0,0,0,0,0,0,0
"Grangeria borbonica",0,0,0,0,0,0,11,0,0,0,0,0,0,0,0,0,0,0,0,0,0,0,0,1,0,0,5,0,0,1,0,0,0,0,0,0,0,0,2,0,1,0,0,0,0
"Helichrysum proteoides",0,1,0,0,0,0,0,1,0,0,0,2,0,0,0,0,0,0,0,0,0,0,3,0,0,0,0,0,0,7,0,0,0,0,0,0,5,0,0,0,0,1,0,0,0
"Mimusops erythroxylon",0,0,0,0,0,0,0,0,0,0,1,5,0,0,0,0,0,0,0,0,0,0,0,0,0,0,6,0,0,0,0,0,0,0,0,0,0,0,0,0,0,0,1,0,0
"Monimiastrum globosum",0,0,0,0,0,0,0,0,0,0,0,0,0,0,0,0,0,0,0,0,0,0,0,0,0,0,0,0,0,0,0,0,0,0,0,0,0,0,0,0,2,0,0,0,0
"Ochna mauritiana",0,0,0,0,0,0,0,0,0,0,0,0,0,0,0,0,0,0,0,1,0,0,0,0,0,0,0,0,0,0,1,0,0,0,0,0,0,0,0,0,0,0,0,0,0
"Ocotea laevigata",0,0,0,0,0,0,0,0,0,0,0,0,0,0,0,0,0,0,0,0,0,0,0,0,0,0,0,0,0,1,0,0,0,0,0,0,0,0,0,0,0,0,0,0,0
"Olea lancea",0,0,0,0,0,0,0,0,0,0,0,0,0,0,0,0,0,0,0,0,0,0,0,0,0,0,0,0,0,0,0,0,0,0,0,0,1,0,0,0,0,0,2,0,0
"Phyllanthus phillyreifolius",0,0,0,0,0,0,0,0,0,0,0,0,0,0,0,0,0,0,0,0,0,0,0,0,0,0,0,0,0,0,0,0,0,13,0,0,0,0,0,0,0,0,17,0,0
"Polyscias mauritiana",0,0,0,0,0,0,0,0,0,0,0,0,0,0,0,0,0,0,0,0,0,0,0,0,0,0,0,0,0,1,0,0,0,0,0,0,0,0,0,0,0,0,0,0,0
"Psiadia terebinthina",0,0,0,0,0,2,2,0,0,0,0,0,0,0,0,0,0,0,0,0,0,0,0,3,0,0,0,0,0,0,1,1,0,0,0,0,0,0,0,0,1,0,0,0,0
"Sideroxylon puberulum",1,0,1,1,0,1,18,0,0,1,0,0,0,0,0,0,1,0,1,0,0,0,0,0,0,0,2,0,0,0,0,0,0,0,0,2,0,1,0,1,1,0,0,2,3
"Stillingia lineata",0,0,0,0,0,0,0,0,0,0,0,0,1,0,0,0,0,0,0,1,0,0,0,0,0,0,0,0,0,0,0,3,1,0,0,0,0,0,0,0,0,0,2,0,0
"Warneckea trinervis",0,0,0,0,0,1,12,0,0,0,0,0,1,0,0,1,0,0,0,0,0,0,0,0,0,0,0,0,0,0,0,0,0,0,0,0,0,0,0,0,0,0,8,0,0
