"","Andrena carlini","Andrena cressoni","Andrena erythronii","Andrena forbesii","Andrena irgeniae","Andrena mansonii","Andrena miserabilis","Andrena personata","Andrena rugosa","Andrena sp1 M_PL_032","Apis mellifera","Augochlora pura","Augochlorella striata","Bombus griseocollis","Carposcalis obscura","Ceratina metallica","Dialictus coeruleus","Dialictus imitatus","Dialictus oblongus","Dialictus obscurus","Dialictus zephyrus","Eristalis dimidiatus","Erylaeus macroupinensis","Halictus confusus","Helophilus fasciatus","Lasioglossum forbesii","Melanostoma sp1 M_PL_032","Mesograpta marginata","Metasyrphus americanus","Nomada luteola","Syrphus sp1 M_PL_032","Syrphus torvus","Xylota nemorum"
"Claytonia virginica",1,1,0,1,1,1,1,0,1,1,1,0,0,1,1,1,1,0,0,1,0,1,0,0,1,1,1,1,1,1,1,1,0
"Dentaria laciniata",1,0,0,0,1,0,0,0,1,0,1,0,0,1,0,0,0,0,0,0,0,1,0,1,1,0,1,0,0,0,1,1,0
"Dicentra canadensis",0,0,0,0,0,0,0,0,0,0,0,0,0,1,0,0,0,0,0,0,0,0,0,0,0,0,0,0,0,0,0,0,0
"Dicentra cucullaria",0,0,0,0,0,0,0,0,0,0,1,0,0,1,0,0,0,0,0,0,0,0,0,0,0,0,0,0,0,0,0,0,0
"Erythronium albidum",1,0,1,1,1,1,0,0,0,0,1,0,0,0,0,0,0,0,0,0,0,0,0,0,0,0,0,0,0,0,0,0,0
"Isopyrum biternatum",1,1,0,1,1,1,1,1,1,0,1,1,1,0,0,0,0,1,1,0,1,0,1,0,1,0,1,0,1,0,0,1,1
"Sanguinaria canadensis",0,0,0,0,0,0,0,0,0,0,1,0,0,0,0,0,0,0,0,0,0,0,0,0,0,0,0,0,1,0,0,0,0
