"","Apis mellifera","Chalcidoma disjunctum","Cratopus aurostriatus","Dichaetomyia fasciculifera","Eristalinus vicarians","Hemipyrellia sp1 M_PL_110","Lasioglossum mahense","Megachile seychellensis","Neavella albipectus","Ornidia obesa","Parasarcophaga hirticeps","Polistes olivaceus","Xylocopa caffra"
"Cinnamomum verum",12,0,1,1,2,0,0,0,0,12,3,3,0
"Erythroxylum sechellarum",0,0,0,0,0,0,1,0,0,0,0,0,0
"Memecylon eleagni",30,1,0,0,0,0,7,0,3,0,0,0,0
"Ochna kirkii",0,0,0,0,0,0,0,0,0,0,0,0,10
"Premna serratifolia",0,0,0,0,0,1,0,4,3,0,0,0,0
"Psidium cattleianum",53,1,0,0,0,1,0,0,0,4,0,0,2
