"","Apis mellifera","Cratopus aurostriatus","Diptera sp1 M_PL_097","Eagris sabadius","Hemipyrellia germana","Hemipyrellia sp1 M_PL_097","Lasioglossum mahense","Neophyllomyza approximatonervis","Phelsuma sp1 M_PL_097","Rhiparida seychellensis","Rhynchium brunneum"
"Alstonia macrophylla",0,0,0,1,0,0,0,0,0,0,0
"Canthium bibracteatum",0,0,0,0,0,0,1,1,0,0,1
"Erythroxylum sechellarum",11,0,3,0,0,0,23,0,0,0,0
"Memecylon eleagni",4,1,0,0,0,0,7,0,0,0,0
"Nephrosperma vanhoutteanum",11,0,0,0,1,0,47,0,3,0,0
"Phoenicophorium borsigianum",0,1,0,0,0,1,13,0,0,58,0
