"","Apis mellifera","Diptera sp1 M_PL_094","Diptera sp2 M_PL_094","Hemipyrellia germana","Lasioglossum mahense","Leptotes pirithous","Nectarinia dussumieri","Ornidia obesa","Parasarcophaga hirticeps","Rhiparida seychellensis","Unidentified sp3 M_PL_094","Unidentified sp4 M_PL_094"
"Canthium bibracteatum",10,0,0,4,0,0,0,1,1,0,0,0
"Cinnamomum verum",11,0,0,0,0,1,0,3,0,0,0,0
"Colea seychellarum",0,0,0,0,0,0,1,0,0,0,0,0
"Erythroxylum sechellarum",0,2,0,0,17,0,0,0,0,0,0,0
"Phoenicophorium borsigianum",3,0,1,0,42,0,0,0,0,42,10,3
"Roscheria melanochaetes",0,0,0,0,0,0,0,0,0,0,0,4
