"","Apis mellifera","Diptera sp1 M_PL_086","Diptera sp3 M_PL_086","Diptera sp4 M_PL_086","Hemipyrellia sp1 M_PL_086","Lasioglossum mahense","Lygistorrhina sp1 M_PL_086","Megachile seychellensis","Musca domestica","Nectarinia dussumieri","Phelsuma sp1 M_PL_086","Physiphoa azurea ","Plagiostenopterina cyanosoma","Unidentified sp2 M_PL_086"
"Canthium bibracteatum",11,0,0,0,1,0,0,1,0,0,0,0,0,0
"Cinnamomum verum",7,0,0,0,3,3,0,0,1,0,0,0,0,0
"Erythroxylum sechellarum",0,0,0,0,0,3,2,1,0,0,0,0,0,0
"Memecylon eleagni",22,1,0,0,0,0,0,0,0,0,0,0,0,0
"Nephrosperma vanhoutteanum",41,2,1,0,0,30,0,5,0,0,8,1,0,19
"Paragenipa wrightii",3,0,0,2,0,0,0,0,0,1,0,0,3,0
