"","Adscita statices","Anaspis flava","Anaspis frontalis","Anaspis rufilabris ","Aphantopus hyperantus","Apocrita sp1 M_PL_038","Bombus hortorum","Bombus pascuorum","Byturus aestivus","Ceuthorrhynchus pollinarius Forster","Chrysogaster solstitialis","Coleoptera sp13 M_PL_038","Crambus pratella","Dasytes plumbeus ","Episyrphus balteatus","Epuraea depressa Illiger","Eumerus tuberculatus ","Grammoptera ruficornis ","Leptura rubra","Maniola jurtina","Melanostoma scalare","Meligethes sp1 M_PL_038","Nemophora degeerella","Olibrus aeneus ","Polyommatus icarus ","Rhingia campestris","Rhynchites germanicus ","Strophosomus capitatus de Geer","Unidentified sp1 M_PL_038","Unidentified sp10 M_PL_038","Unidentified sp11 M_PL_038","Unidentified sp12 M_PL_038","Unidentified sp14 M_PL_038","Unidentified sp2 M_PL_038","Unidentified sp3 M_PL_038","Unidentified sp4 M_PL_038","Unidentified sp5 M_PL_038","Unidentified sp6 M_PL_038","Unidentified sp7 M_PL_038","Unidentified sp8 M_PL_038","Unidentified sp9 M_PL_038","Volucella pellucens"
"Angelica sylvestris",0,0,0,1,1,0,0,0,1,0,1,0,1,1,0,1,0,1,1,0,0,1,0,0,0,0,0,0,1,1,0,0,0,1,1,0,1,0,0,1,0,1
"Chaerophyllum temulentum",0,1,0,1,0,1,0,0,0,0,1,0,1,1,0,0,0,0,1,0,0,1,1,0,0,0,0,0,1,0,0,0,1,1,1,0,1,1,0,0,0,0
"Geranium robertianum",1,0,0,0,0,0,1,0,1,0,0,0,0,0,0,0,0,0,0,0,0,0,0,1,0,0,0,0,0,0,0,0,0,1,0,0,0,0,1,0,0,0
"Lapsana communis",0,1,0,0,0,0,0,0,0,1,0,0,0,0,0,0,0,0,0,0,1,1,0,0,0,0,0,0,1,0,1,0,0,0,1,1,0,1,0,0,0,0
"Silene dioica",1,1,0,0,0,1,0,0,1,0,0,1,0,1,1,0,0,0,0,1,0,0,0,1,1,0,1,1,0,0,0,1,0,0,0,0,0,0,0,0,0,0
"Stachys sylvatica",0,0,1,0,0,1,1,1,0,0,0,0,1,0,0,0,0,0,0,0,0,1,1,0,0,1,0,0,1,0,0,0,0,1,0,1,0,0,0,0,0,0
"Veronica agrestis",0,0,0,0,0,0,0,0,0,0,0,0,0,0,0,0,0,0,0,0,0,0,0,0,0,0,0,0,0,0,0,0,0,0,0,1,0,0,1,0,0,0
"Vicia sepium",1,1,0,0,0,0,0,1,0,0,0,0,0,0,0,0,1,0,0,0,0,0,0,0,0,0,0,0,1,0,0,0,0,0,0,0,0,0,0,0,1,0
