"","Apis mellifera","Ceratina tabescens","Diptera sp1 M_PL_114","Hemipyrellia germana","Hemipyrellia sp1 M_PL_114","Lasioglossum mahense","Lygistorrhina sp1 M_PL_114","Megachile seychellensis","Melanostoma annulipes","Neophyllomyza approximatonervis","Ornidia obesa","Phelsuma sp1 M_PL_114","Polistes olivaceus","Rhiparida seychellensis","Rhynchium brunneum","Unidentified sp2 M_PL_114","Unidentified sp3 M_PL_114","Unidentified sp4 M_PL_114","Unidentified sp5 M_PL_114"
"Canthium bibracteatum",44,4,0,9,5,16,0,10,0,0,4,0,0,0,1,0,0,0,0
"Chrysobalanus icaco",16,0,0,0,0,2,0,0,0,0,0,0,1,0,1,0,0,0,0
"Deckenia nobilis",25,0,0,4,0,11,0,0,0,2,0,3,0,0,0,0,0,0,0
"Nephrosperma vanhoutteanum",2,0,2,4,0,14,1,0,0,4,0,0,0,1,0,11,0,0,1
"Phoenicophorium borsigianum",4,0,2,11,0,22,0,0,2,0,0,1,0,26,0,0,1,1,0
