"","Apis mellifera","Cratopus aurostriatus","Dichaetomyia fasciculifera","Diptera sp1 M_PL_119","Diptera sp3 M_PL_119","Diptera sp4 M_PL_119","Hemipyrellia germana","Hemipyrellia sp1 M_PL_119","Lasioglossum mahense","Lygistorrhina sp1 M_PL_119","Nectarinia dussumieri","Ornidia obesa","Parasarcophaga hirticeps","Phelsuma sp1 M_PL_119","Rhiparida seychellensis","Unidentified sp2 M_PL_119","Unidentified sp5 M_PL_119"
"Dillenia ferruginea",6,0,0,0,0,0,3,0,0,0,0,1,0,0,1,0,0
"Erythroxylum sechellarum",4,0,0,1,0,0,0,0,8,0,0,1,2,0,0,0,0
"Memecylon eleagni",12,0,0,0,0,0,1,0,0,0,0,0,0,0,0,0,0
"Nepenthes pervillei",0,0,1,0,0,0,4,1,0,0,0,0,2,0,0,0,0
"Nephrosperma vanhoutteanum",18,1,0,1,1,0,0,2,27,3,0,0,0,4,0,6,0
"Paragenipa wrightii",18,0,0,0,0,0,0,0,9,0,1,0,0,0,0,0,7
"Roscheria melanochaetes",9,0,0,0,0,2,0,0,4,0,0,0,0,0,0,0,0
