"","Apis mellifera","Ceratina tabescens","Cratopus aurostriatus","Hemipyrellia germana","Lasioglossum mahense","Megachile seychellensis","Neophyllomyza approximatonervis","Ornidia obesa","Pachycerina seychellensis","Phelsuma sp1 M_PL_113","Rhiparida seychellensis","Simosyrphus aegyptius","Unidentified sp1 M_PL_113"
"Canthium bibracteatum",0,12,0,0,8,3,0,0,0,0,0,0,0
"Chrysobalanus icaco",13,0,0,0,4,0,0,0,0,0,0,0,0
"Deckenia nobilis",17,0,0,6,3,0,1,4,2,2,0,0,0
"Euphorbia pyrifolia",1,0,0,0,16,0,0,0,0,0,0,1,0
"Memecylon eleagni",0,0,0,0,1,2,0,0,0,0,0,1,0
"Nephrosperma vanhoutteanum",10,1,0,0,13,1,0,0,0,1,24,0,13
"Phoenicophorium borsigianum",4,0,4,0,10,0,2,0,0,0,29,0,0
