"","Num. of hosts sampled","Amphipsylla rossica","Citellophilus trispinus","Coptopsylla lamellifer","Ctenophthalmus dolichus","Desertopsylla rothschildi","Echidnophaga oschanini","Frontopsylla macrophthalma","Leptopsylla nana","Mesopsylla eucta","Mesopsylla hebes","Mesopsylla lenis","Mesopsylla tuschkan","Neopsylla setosa","Nosopsyllus aralis","Nosopsyllus fidus","Nosopsyllus laeviceps","Nosopsyllus tersus","Nosopsyllus turkmenicus","Ophthalmopsylla volgensis","Oropsylla ilovaiskii","Paradoxopsyllus repandus","Rhadinopsylla cedestis","Rostropsylla daca","Stenoponia conspecta","Stenoponia vlasovi","Synosternus longispinus","Xenopsylla conformis","Xenopsylla gerbilli","Xenopsylla hirtipes","Xenopsylla skrjabini"
"Allactaga elater",233,0,0,3,0,0,4,6,0,3,0,27,4,0,0,0,13,0,0,6,0,0,0,0,0,0,3,4,15,0,0
"Allactaga major",1,0,0,0,0,0,0,0,0,0,2,0,0,0,0,0,0,0,0,0,0,0,0,0,0,0,0,0,0,0,0
"Allactaga severtzovi",1,0,0,0,0,0,0,0,0,2,0,0,0,0,0,0,0,0,0,0,0,0,0,0,0,0,0,0,0,0,0
"Cricetulus migratorius",77,0,0,8,2,0,5,0,0,0,0,0,0,3,0,0,15,0,0,0,0,0,0,0,0,0,0,6,20,0,0
"Crocidura suaveolens",8,0,0,0,3,0,0,0,2,0,0,0,0,0,0,0,0,0,0,0,0,0,0,0,0,0,0,0,0,0,0
"Diplomesodon pulchellum",9,0,0,2,0,0,0,0,0,0,0,0,0,0,0,2,0,0,0,0,0,0,0,0,0,0,0,3,2,0,0
"Dipus sagitta",95,0,0,3,2,19,0,0,0,0,0,0,0,0,0,0,3,0,0,0,0,0,0,0,0,0,0,23,30,0,0
"Ellobius talpinus",8,0,0,0,0,0,0,0,0,0,0,0,0,2,0,0,0,0,0,0,0,0,0,0,0,2,0,51,0,0,0
"Eremodipus lichtensteini",1,0,0,0,0,2,0,0,0,0,0,0,0,0,0,0,0,0,0,0,0,0,0,0,0,0,0,0,0,0,0
"Meriones libycus",2661,0,75,70,0,0,0,0,0,0,0,0,0,27,2,0,713,3,160,0,3,0,49,0,22,8,0,1970,43,2,21
"Meriones meridianus",2328,0,3,211,85,0,0,0,0,0,0,0,0,0,2,0,1306,3,159,0,0,0,0,0,21,7,0,358,3627,0,0
"Meriones tamariscinus",1995,0,0,140,2,0,0,0,0,0,0,0,0,0,72,0,40,0,159,0,0,0,0,0,17,6,0,176,85,0,0
"Microtus socialis",14,8,0,0,0,0,0,0,0,0,0,0,0,0,0,0,0,0,0,0,0,0,0,0,0,0,0,0,0,0,0
"Pygeretmus pumilio",10,0,0,0,0,0,0,0,0,0,0,0,18,0,0,0,0,0,0,10,0,0,0,0,0,0,0,0,0,0,0
"Rhombomys opimus",35365,0,166,16884,1569,0,3111,0,0,0,0,2,0,177,49,0,9081,137,293,0,61,3,629,7,301,272,5,2942,209046,335,3287
"Spermophilopsis leptodactylus",10,0,0,0,0,0,0,0,0,0,0,0,0,0,0,0,0,0,0,0,0,0,0,30,0,0,0,0,2,0,0
"Spermophilus fulvus",2331,0,1309,2,0,0,9,6,0,0,0,0,0,627,0,0,25,0,0,0,139,0,0,0,0,0,0,30,240,9,2
