"","Num. of hosts sampled","Coptopsylla lamellifer","Ctenophthalmus dolichus","Echidnophaga oschanini","Mesopsylla hebes","Neopsylla mana","Neopsylla setosa","Neopsylla teratura","Nosopsyllus laeviceps","Nosopsyllus tersus","Paradoxopsyllus repandus","Paradoxopsyllus teretifrons","Pectinoctenus lauta","Rhadinopsylla cedestis","Stenoponia conspecta","Stenoponia vlasovi","Xenopsylla conformis","Xenopsylla gerbilli","Xenopsylla hirtipes"
"Allactaga elater",3,0,0,0,2,0,0,0,0,0,0,0,0,0,0,0,0,0,0
"Apodemus uralensis",24,0,0,0,0,2,0,0,0,0,0,0,3,0,0,0,0,0,0
"Cricetulus migratorius",10,0,0,0,0,0,0,3,0,0,0,0,9,0,0,0,0,0,0
"Meriones libycus",225,0,0,9,0,0,0,0,71,0,0,2,0,0,0,0,122,23,0
"Meriones meridianus",17,0,0,0,0,0,0,0,0,0,0,0,0,0,0,0,13,0,0
"Meriones tamariscinus",3,0,0,0,0,0,0,0,0,0,0,0,0,0,0,0,58,0,0
"Rhombomys opimus",3039,814,159,1216,0,2,0,14,514,14,1507,33,0,74,54,52,11,26636,58
"Spermophilus erythrogenys",71,0,0,0,0,0,10,0,0,0,0,0,0,0,0,0,0,0,0
